1283,427,中央林間,ﾁﾕｳｵｳﾘﾝｶﾝ      
1283,798,武蔵小山,ﾑｻｼｺﾔﾏ 
1283,897,大井町,ｵｵｲﾏﾁ          
1283,934,草津,ｸｻﾂ            
1283,944,海浜幕張,ｶｲﾋﾝﾏｸﾊﾘ       
1283,947,流山おおたかの森,ﾅｶﾞﾚﾔﾏｵｵﾀｶﾉﾓﾘ  
1286,006,つばめ,ﾂﾊﾞﾒ           
1286,007,かわせみ,ｶﾜｾﾐ           
1286,008,うぐいす,ｳｸﾞｲｽ          
1286,009,とき,ﾄｷ             
1289,229,カノン,ｶﾉﾝ            
1289,230,エレキ,ｴﾚｷ            
1289,231,ハウス,ﾊｳｽ            
1289,232,ロンド,ﾛﾝﾄﾞ           
1289,233,ビオラ,ﾋﾞｵﾗ           
1289,234,コンガ,ｺﾝｶﾞ           
1289,235,ベース,ﾍﾞ-ｽ           
1289,236,テンポ,ﾃﾝﾎﾟ           
1289,237,ソング,ｿﾝｸﾞ           
1289,238,ポルカ,ﾎﾟﾙｶ           
1289,239,スネア,ｽﾈｱ            
1289,240,シンセ,ｼﾝｾ            
1289,241,テナー,ﾃﾅ-            
1289,242,タイコ,ﾀｲｺ            
1289,243,ポップ,ﾎﾟﾂﾌﾟ          
1289,244,オンプ,ｵﾝﾌﾟ           
1289,245,モダン,ﾓﾀﾞﾝ           
1289,246,ノエル,ﾉｴﾙ            
1289,247,バンド,ﾊﾞﾝﾄﾞ          
1289,248,コード,ｺ-ﾄﾞ           
1289,253,第三営業,ﾀﾞｲｻﾝｴｲｷﾞﾖｳ    
1289,254,第四営業,ﾀﾞｲﾖﾝｴｲｷﾞﾖｳ    
1289,261,売上入金第一,ｳﾘｱｹﾞﾆﾕｳｷﾝﾀﾞｲｲﾁ
1289,262,売上入金第二,ｳﾘｱｹﾞﾆﾕｳｷﾝﾀﾞｲﾆ 
1289,303,ＮＣＢ,ｴﾇｼ-ﾋﾞ-    
1289,718,楽天証券第二,ﾗｸﾃﾝｼﾖｳｹﾝﾀﾞｲﾆ  
1289,719,法人第十九,ﾎｳｼﾞﾝﾀﾞｲｼﾞﾕｳｷﾕｳ
1289,720,法人第二十,ﾎｳｼﾞﾝﾀﾞｲﾆｼﾞﾕｳ  
1290,201,ＪＡＬ,ｼﾞｪｲｴｲｴﾙ
1290,202,ツツジ,ﾂﾂｼﾞ           
1290,203,Ｔポイント,ﾃｨｰﾎﾟｲﾝﾄ
1290,204,ヤマダネオバンク,ﾔﾏﾀﾞﾈｵﾊﾞﾝｸ     
1290,205,おうちバンク,ｵｳﾁﾊﾞﾝｸ        
1290,206,ＳＢＩレミット,ｴｽﾋﾞ-ｱｲﾚﾐｯﾄ	
1290,207,イルカ,ｲﾙｶ
1290,208,ＵＳＥＮ,ﾕｰｾﾝ
1290,209,タカシマヤ,ﾀｶｼﾏﾔ
1290,301,第一ビジネス営業部,ﾀﾞｲｲﾁﾋﾞｼﾞﾈｽ    
1290,302,ＵＳＥＮ法人,ﾕｰｾﾝﾎｳｼﾞﾝ 
1290,401,ひめぎん,ﾋﾒｷﾞﾝ          
1291,108,そら,ｿﾗ             
1291,109,みずうみ,ﾐｽﾞｳﾐ          
1291,110,だいち,ﾀﾞｲﾁ           
1291,111,もり,ﾓﾘ             
1291,112,かわ,ｶﾜ             
1293,001,本店,ﾎﾝﾃﾝ           
1293,201,さくら,ｻｸﾗ            
1293,202,すずらん,ｽｽﾞﾗﾝ          
1293,203,なでしこ,ﾅﾃﾞｼｺ          
1293,204,はなみずき,ﾊﾅﾐｽﾞｷ         
1293,205,ひまわり,ﾋﾏﾜﾘ           
2564,001,本店,ﾎﾝﾃﾝ           
2564,002,ハーバーブリッジ,ﾊ-ﾊﾞ-ﾌﾞﾘﾂｼﾞ    
2564,003,ブルックリンブリッジ,ﾌﾞﾙﾂｸﾘﾝﾌﾞﾘﾂｼﾞ  
2564,004,レインボーブリッジ,ﾚｲﾝﾎﾞ-ﾌﾞﾘﾂｼﾞ   
2564,005,ポンヌフ,ﾎﾟﾝﾇﾌ          
2564,006,タワーブリッジ,ﾀﾜ-ﾌﾞﾘﾂｼﾞ      
2564,007,ポンテベッキオ,ﾎﾟﾝﾃﾍﾞﾂｷｵ      
2564,008,ゴールデンゲートブリッジ,ｺﾞ-ﾙﾃﾞﾝｹﾞ-ﾄ    
2564,201,ピクシブ,ﾋﾟｸｼﾌﾞ         
2564,202,テンプスタッフ,ﾃﾝﾌﾟｽﾀﾂﾌ       
1301,140,山形南営業部,ﾔﾏｶﾞﾀﾐﾅﾐ       
1301,150,山形北営業部,ﾔﾏｶﾞﾀｷﾀ  
1301,240,南陽,ﾅﾝﾖｳ           
1313,087,川崎法人営業部,ｶﾜｻｷﾎｳｼﾞﾝ      
1323,535,秦野,ﾊﾀﾞﾉ           
1326,163,あかいけ,ｱｶｲｹ           
1329,072,愛知ネット,ｱｲﾁﾈﾂﾄ         
1335,888,大阪堂島営業部,ｵｵｻｶﾄﾞｳｼﾞﾏ     
1342,520,代々木,ﾖﾖｷﾞ           
1361,542,事務サポートセンター,ｼﾞﾑｻﾎﾟ-ﾄｾﾝﾀ-   
1365,176,イチナナロク,ｲﾁﾅﾅﾛｸ         
1365,522,徳島法人部５２２,ﾄｸｼﾏｺﾞﾆﾆ       
1365,591,鳥取島根法人５９１,ﾄﾂﾄﾘｼﾏﾈｺﾞｷﾕｳｲﾁ 
1365,592,鳥取島根法人５９２,ﾄﾂﾄﾘｼﾏﾈｺﾞｷﾕｳﾆ  
1365,595,徳島法人部５９５,ﾄｸｼﾏｺﾞｷﾕｳｺﾞ    
1365,667,ロクロクナナ,ﾛｸﾛｸﾅﾅ         
1365,668,ロクロクハチ,ﾛｸﾛｸﾊﾁ         
1365,669,ロクロクキュウ,ﾛｸﾛｸｷﾕｳ        
1367,110,法人第十営業部,ﾎｳｼﾞﾝﾀﾞｲｼﾞﾕｳ   
1367,210,ビジネス第十,ﾋﾞｼﾞﾈｽﾀﾞｲｼﾞﾕｳ  
1367,310,しろ,ｼﾛ             
1367,320,マニモ,ﾏﾆﾓ  
1367,551,アカマツ,ｱｶﾏﾂ           
1367,552,アセロラ,ｱｾﾛﾗ           
1367,553,アネモネ,ｱﾈﾓﾈ           
1367,554,アメフト,ｱﾒﾌﾄ           
1367,555,アロエ,ｱﾛｴ            
1367,556,サフラン,ｻﾌﾗﾝ           
1367,557,スモウ,ｽﾓｳ            
1367,558,せいらん,ｾｲﾗﾝ           
1367,559,ナツメ,ﾅﾂﾒ            
1367,560,モミ,ﾓﾐ             
1367,561,ライチ,ﾗｲﾁ            
1367,562,ワシ,ﾜｼ             
1367,563,アイガモ,ｱｲｶﾞﾓ          
1367,564,アシタバ,ｱｼﾀﾊﾞ          
1367,565,アズキ,ｱｽﾞｷ           
1367,566,アマリリス,ｱﾏﾘﾘｽ          
1367,567,エキデン,ｴｷﾃﾞﾝ          
1367,568,おりべ,ｵﾘﾍﾞ           
1367,569,オレガノ,ｵﾚｶﾞﾉ          
1367,570,カッコウ,ｶﾂｺｳ           
1367,571,カヌー,ｶﾇ-            
1367,572,キキョウ,ｷｷﾖｳ           
1367,573,クジラ,ｸｼﾞﾗ           
1367,574,コムギ,ｺﾑｷﾞ           
1367,575,スダチ,ｽﾀﾞﾁ           
1367,576,スピカ,ｽﾋﾟｶ           
1367,577,パセリ,ﾊﾟｾﾘ           
1367,578,ヒバリ,ﾋﾊﾞﾘ           
1367,579,ペリカン,ﾍﾟﾘｶﾝ          
1367,580,ムクドリ,ﾑｸﾄﾞﾘ          
1367,581,ユズ,ﾕｽﾞ            
1367,582,アルタイル,ｱﾙﾀｲﾙ          
1367,583,アンタレス,ｱﾝﾀﾚｽ          
1367,584,カボチャ,ｶﾎﾞﾁﾔ          
1367,585,グアバ,ｸﾞｱﾊﾞ          
1367,586,クリケット,ｸﾘｹﾂﾄ          
1367,587,サクランボ,ｻｸﾗﾝﾎﾞ         
1367,588,ソメイヨシノ,ｿﾒｲﾖｼﾉ         
1367,589,デネブ,ﾃﾞﾈﾌﾞ          
1367,590,ナッジ,ﾅﾂｼﾞ         
1367,591,バジル,ﾊﾞｼﾞﾙ          
1367,592,ホトトギス,ﾎﾄﾄｷﾞｽ         
1367,593,ヤマザクラ,ﾔﾏｻﾞｸﾗ         
1367,594,アーモンド,ｱ-ﾓﾝﾄﾞ         
1367,595,クライミング,ｸﾗｲﾐﾝｸﾞ        
1367,596,フジザクラ,ﾌｼﾞｻﾞｸﾗ        
1367,597,カノープス,ｶﾉ-ﾌﾟｽ         
1367,598,メルキュリー,ﾒﾙｷﾕﾘ-         
1367,599,ローズマリー,ﾛ-ｽﾞﾏﾘ-        
1367,600,アルデバラン,ｱﾙﾃﾞﾊﾞﾗﾝ       
1373,600,フジヤマ,ﾌｼﾞﾔﾏ          
1374,182,ＢＡＮＫブルー,ﾊﾞﾝｸﾌﾞﾙ-       
1374,183,ＢＡＮＫスカイ,ﾊﾞﾝｸｽｶｲ        
1402,803,インベストメントバンキング,ｲﾝﾍﾞｽﾄﾒﾝﾄﾊﾞﾝｸ  
1429,163,イーネット,ｲ-ﾈﾂﾄ          
1429,164,ローソン,ﾛ-ｿﾝ           
1438,913,新宿,ｼﾝｼﾞﾕｸ         
1475,015,麻生,ｱｻﾌﾞ           
1481,019,札幌中央,ｻﾂﾎﾟﾛﾁﾕｳｵｳ
1482,027,白石,ｼﾛｲｼ
1505,015,登米,ﾄﾒ             
1538,017,袖ヶ浦,ｿﾃﾞｶﾞｳﾗ        
1541,040,横浜西口,ﾖｺﾊﾏﾆｼｸﾞﾁ      
1559,046,原宿,ﾊﾗｼﾞﾕｸ         
1568,060,板橋南営業センター,ｲﾀﾊﾞｼﾐﾅﾐｴｲｷﾞﾖｳ 
1559,050,八重洲口営業部,ﾔｴｽｸﾞﾁ 
1606,144,菊川,ｷｸｶﾞﾜ          
1621,105,つむぎ出張所,ﾂﾑｷﾞ           
1624,21,常滑,ﾄｺﾅﾒ           
1629,58,常滑,ﾄｺﾅﾒ           
1642,153,茨木,ｲﾊﾞﾗｷ          
1642,154,学園前,ｶﾞｸｴﾝﾏｴ        
1642,155,寝屋川,ﾈﾔｶﾞﾜ          
1643,090,丹波,ﾀﾝﾊﾞ           
1645,029,上本町,ｳｴﾎﾝﾏﾁ         
1645,030,阪急茨木,ﾊﾝｷﾕｳｲﾊﾞﾗｷ     
1646,201,尼崎,ｱﾏｶﾞｻｷ         
1647,23,新大阪,ｼﾝｵｵｻｶ         
1656,30,法人営業部,ﾎｳｼﾞﾝ          
1664,27,網干,ｱﾎﾞｼ           
1683,22,フジグラン三原出張所,ﾌｼﾞｸﾞﾗﾝﾐﾊﾗ     
1702,20,福岡地行,ﾌｸｵｶｼﾞｷﾞﾖｳ     
1705,50,おんしんネット,ｵﾝｼﾝﾈﾂﾄ        
1708,9,松浦,ﾏﾂｳﾗ           
1721,55,インターネット,ｲﾝﾀ-ﾈﾂﾄ        
1737,30,あおば,ｱｵﾊﾞ           
1771,88,あおぞら,ｱｵｿﾞﾗ          
1780,87,みらい,ﾐﾗｲ            
1783,200,つばさ,ﾂﾊﾞｻ           
1844,25,熊本,ｸﾏﾓﾄ           
1867,43,合志,ｺｳｼ            
1868,59,大在,ｵｵｻﾞｲ
1914,11,馬路村代理店,ｳﾏｼﾞﾑﾗ         
2469,316,とす南出張所,ﾄｽﾐﾅﾐ          
2531,800,愛知,ｱｲﾁ            
2565,100,本店,ﾎﾝﾃﾝ           
2565,101,マーキュリー,ﾏ-ｷﾕﾘ-         
